model,cond,pid,eos,coverage,n_stmts,kind,p_stmt,cycles,unit,literal,d_stmt,L_tok,D_tok,pred_floor,tail_tokmin,tok_min,line_p,line_L,L_eff,anyaxis,degen
qwen,greedy,merge_sort,False,1.0,78.0,quasi,3.0,12.0,block,N,2.0,21.0,16.0,0.5,0.531,0.531,,,21.0,True,True
qwen,greedy,binary_search,False,0.985,62.0,strict,12.0,2.0,function,N,12.0,129.0,54.0,,0.594,0.531,,,129.0,True,True
qwen,greedy,fibonacci,False,0.988,72.0,,,,,Y,,,,,,0.469,23.0,181.0,181.0,True,True
qwen,greedy,parse_csv,True,1.0,16.0,,,,,,,,,,,0.75,,,,False,False
qwen,greedy,word_freq,True,1.0,9.0,,,,,,,,,,,0.5,,,,False,False
qwen,greedy,flatten,True,1.0,8.0,,,,,,,,,,,0.75,,,,False,False
qwen,greedy,stack_class,True,1.0,40.0,,,,,,,,,,,0.406,,,,False,False
qwen,greedy,lru_cache,False,0.987,76.0,strict,3.0,20.7,block,Y,2.0,25.0,12.0,0.375,0.375,0.344,3.0,25.0,25.0,True,True
qwen,greedy,prime_sieve,False,1.0,78.0,strict,3.0,23.0,function,Y,3.0,23.0,19.0,0.594,0.594,0.594,3.0,23.0,23.0,True,True
qwen,greedy,roman,True,1.0,25.0,,,,,,,,,,,0.406,,,,False,False
qwen,greedy,balanced,True,1.0,11.0,,,,,,,,,,,0.656,,,,False,False
qwen,greedy,transpose,True,1.0,3.0,,,,,,,,,,,,,,,False,False
qwen,greedy,rle,False,0.978,84.0,,,,,Y,,,,,,0.531,32.0,,,True,True
qwen,greedy,dedup,True,1.0,9.0,,,,,,,,,,,0.625,,,,False,False
qwen,greedy,gcd,True,1.0,14.0,,,,,,,,,,,0.531,,,,False,False
qwen,greedy,quicksort,False,0.975,39.0,strict,3.0,8.0,function,N,3.0,57.0,35.0,,0.281,0.281,,,57.0,True,True
qwen,greedy,tree_walk,False,0.99,95.0,strict,12.0,6.0,function,N,10.0,77.0,42.0,,0.469,0.469,,,77.0,True,True
qwen,greedy,json_walk,True,1.0,10.0,,,,,,,,,,,0.531,,,,False,False
qwen,greedy,email,True,1.0,7.0,,,,,,,,,,,,,,,False,False
qwen,greedy,temp,True,1.0,16.0,strict,3.0,2.0,block,N,3.0,42.0,31.0,,0.688,0.688,,,42.0,True,False
qwen,greedy,reverse_words,True,1.0,6.0,,,,,,,,,,,,,,,False,False
qwen,greedy,anagram,True,1.0,9.0,,,,,,,,,,,0.625,,,,False,False
qwen,greedy,pascal,True,1.0,18.0,,,,,,,,,,,0.594,,,,False,False
qwen,greedy,chunk,True,1.0,4.0,,,,,,,,,,,,,,,False,False
gpt2,greedy,merge_sort,False,0.682,45.0,strict,2.0,21.5,block,Y,2.0,28.0,14.0,0.438,0.438,0.438,3.0,28.0,28.0,True,True
gpt2,greedy,binary_search,False,0.516,32.0,strict,1.0,30.0,statement,Y,1.0,20.0,16.0,0.5,0.5,0.5,2.0,20.0,20.0,True,True
gpt2,greedy,fibonacci,False,0.946,0.0,,,,,Y,,,,,,0.469,2.0,23.0,23.0,True,True
gpt2,greedy,parse_csv,False,0.511,24.0,strict,1.0,23.0,statement,Y,1.0,27.0,22.0,0.688,0.688,0.688,2.0,27.0,27.0,True,True
gpt2,greedy,word_freq,False,0.966,54.0,strict,2.0,27.0,function,Y,2.0,23.0,19.0,0.594,0.594,0.594,1.0,23.0,23.0,True,True
gpt2,greedy,flatten,False,0.982,56.0,strict,2.0,28.0,function,Y,2.0,22.0,18.0,0.562,0.562,0.562,2.0,22.0,22.0,True,True
gpt2,greedy,stack_class,False,0.984,62.0,strict,1.0,58.0,statement,Y,1.0,10.0,8.0,0.25,0.25,0.25,1.0,10.0,10.0,True,True
gpt2,greedy,lru_cache,False,0.979,46.0,strict,1.0,42.0,statement,Y,1.0,14.0,10.0,0.312,0.312,0.312,1.0,14.0,14.0,True,True
gpt2,greedy,prime_sieve,False,0.98,48.0,strict,3.0,16.0,function,Y,3.0,39.0,29.0,,0.688,0.688,3.0,39.0,39.0,True,True
gpt2,greedy,roman,False,0.509,28.0,strict,1.0,27.0,statement,Y,1.0,23.0,20.0,0.625,0.625,0.625,2.0,23.0,23.0,True,True
gpt2,greedy,balanced,False,0.509,29.0,strict,1.0,28.0,statement,Y,1.0,22.0,19.0,0.594,0.594,0.594,2.0,22.0,22.0,True,True
gpt2,greedy,transpose,False,0.982,56.0,strict,2.0,28.0,function,Y,2.0,22.0,17.0,0.531,0.531,0.531,2.0,22.0,22.0,True,True
gpt2,greedy,rle,False,0.51,25.0,strict,1.0,24.0,statement,Y,1.0,26.0,20.0,0.625,0.625,0.625,2.0,26.0,26.0,True,True
gpt2,greedy,dedup,False,0.509,29.0,strict,1.0,28.0,statement,Y,1.0,22.0,18.0,0.562,0.562,0.562,2.0,22.0,22.0,True,True
gpt2,greedy,gcd,False,0.98,48.0,strict,2.0,24.0,function,Y,2.0,26.0,22.0,0.688,0.688,0.688,2.0,26.0,26.0,True,True
gpt2,greedy,quicksort,False,0.017,1.0,,,,,Y,,,,,,0.531,2.0,21.0,21.0,True,True
gpt2,greedy,tree_walk,False,0.755,36.0,strict,3.0,10.7,block,Y,3.0,53.0,28.0,,0.562,0.5,4.0,53.0,53.0,True,True
gpt2,greedy,json_walk,False,0.51,25.0,strict,1.0,24.0,statement,Y,1.0,26.0,22.0,0.688,0.688,0.688,2.0,26.0,26.0,True,True
gpt2,greedy,email,False,0.51,51.0,strict,1.0,47.0,statement,Y,1.0,12.0,9.0,0.281,0.281,0.281,2.0,12.0,12.0,True,True
gpt2,greedy,temp,False,0.98,48.0,strict,2.0,24.0,function,Y,2.0,26.0,21.0,0.656,0.656,0.656,2.0,26.0,26.0,True,True
gpt2,greedy,reverse_words,False,0.419,26.0,strict,1.0,24.0,statement,Y,1.0,16.0,11.0,0.344,0.375,0.375,5.0,50.0,16.0,True,True
gpt2,greedy,anagram,False,0.519,27.0,strict,1.0,26.0,statement,Y,1.0,24.0,19.0,0.594,0.594,0.594,2.0,24.0,24.0,True,True
gpt2,greedy,pascal,False,0.52,26.0,strict,1.0,25.0,statement,Y,1.0,25.0,22.0,0.688,0.688,0.688,2.0,25.0,25.0,True,True
gpt2,greedy,chunk,False,0.977,85.0,strict,1.0,82.0,statement,Y,1.0,7.0,6.0,0.188,0.188,0.188,1.0,7.0,7.0,True,True
qwen,t08,merge_sort,True,1.0,33.0,quasi,3.0,4.0,block,N,2.0,33.0,29.0,,0.781,0.312,,,33.0,True,False
qwen,t08,binary_search,True,1.0,38.0,,,,,,,,,,,0.562,,,,False,False
qwen,t08,fibonacci,True,1.0,6.0,,,,,,,,,,,0.75,,,,False,False
qwen,t08,parse_csv,True,1.0,25.0,,,,,,,,,,,0.594,,,,False,False
qwen,t08,word_freq,True,1.0,13.0,,,,,,,,,,,0.625,,,,False,False
qwen,t08,flatten,True,1.0,7.0,,,,,,,,,,,0.75,,,,False,False
qwen,t08,stack_class,True,1.0,33.0,quasi,1.0,6.0,statement,N,1.0,21.0,18.0,0.562,0.562,0.5,,,21.0,True,False
qwen,t08,lru_cache,True,1.0,60.0,quasi,2.0,7.0,block,N,2.0,18.0,11.0,0.344,0.375,0.375,,,18.0,True,False
qwen,t08,prime_sieve,True,1.0,24.0,,,,,,,,,,,0.656,,,,False,False
qwen,t08,roman,False,1.0,25.0,,,,,,,,,,,0.344,,,,False,False
qwen,t08,balanced,True,1.0,12.0,,,,,,,,,,,0.625,,,,False,False
qwen,t08,transpose,True,1.0,20.0,,,,,,,,,,,0.688,,,,False,False
qwen,t08,rle,True,1.0,16.0,,,,,,,,,,,0.562,,,,False,False
qwen,t08,dedup,True,1.0,10.0,,,,,,,,,,,0.625,,,,False,False
qwen,t08,gcd,True,1.0,36.0,strict,3.0,3.0,block,N,2.0,37.0,26.0,,0.656,0.469,,,37.0,True,False
qwen,t08,quicksort,False,1.0,72.0,quasi,2.0,8.0,block,N,2.0,13.0,11.0,0.344,0.406,0.406,,,13.0,True,True
qwen,t08,tree_walk,True,1.0,30.0,,,,,,,,,,,0.562,,,,False,False
qwen,t08,json_walk,True,1.0,10.0,,,,,,,,,,,0.531,,,,False,False
qwen,t08,email,True,1.0,8.0,,,,,,,,,,,0.656,,,,False,False
qwen,t08,temp,True,1.0,28.0,,,,,,,,,,,0.688,,,,False,False
qwen,t08,reverse_words,True,1.0,5.0,,,,,,,,,,,,,,,False,False
qwen,t08,anagram,True,1.0,5.0,,,,,,,,,,,,,,,False,False
qwen,t08,pascal,True,1.0,12.0,,,,,,,,,,,0.688,,,,False,False
qwen,t08,chunk,False,1.0,20.0,quasi,1.0,6.0,statement,N,1.0,20.0,12.0,0.375,0.406,0.281,,,20.0,True,True
qwen,p95,merge_sort,True,1.0,30.0,quasi,3.0,4.0,block,N,2.0,24.0,19.0,0.594,0.594,0.5,,,24.0,True,False
qwen,p95,binary_search,True,1.0,14.0,,,,,,,,,,,0.562,,,,False,False
qwen,p95,fibonacci,True,1.0,27.0,,,,,,,,,,,0.562,,,,False,False
qwen,p95,parse_csv,True,1.0,56.0,,,,,,,,,,,0.344,,,,False,False
qwen,p95,word_freq,True,1.0,10.0,,,,,,,,,,,0.562,,,,False,False
qwen,p95,flatten,True,1.0,9.0,,,,,,,,,,,0.688,,,,False,False
qwen,p95,stack_class,True,1.0,24.0,,,,,,,,,,,0.719,,,,False,False
qwen,p95,lru_cache,False,1.0,33.0,,,,,,,,,,,0.438,,,,False,False
qwen,p95,prime_sieve,True,1.0,23.0,,,,,,,,,,,0.594,,,,False,False
qwen,p95,roman,True,1.0,19.0,,,,,,,,,,,0.406,,,,False,False
qwen,p95,balanced,True,1.0,12.0,,,,,,,,,,,0.625,,,,False,False
qwen,p95,transpose,True,1.0,14.0,,,,,,,,,,,0.406,,,,False,False
qwen,p95,rle,True,1.0,19.0,,,,,,,,,,,0.594,,,,False,False
qwen,p95,dedup,True,1.0,7.0,,,,,,,,,,,0.375,,,,False,False
qwen,p95,gcd,True,1.0,24.0,,,,,,,,,,,0.375,,,,False,False
qwen,p95,quicksort,False,0.947,53.0,,,,,,,,,,,0.25,,,,False,False
qwen,p95,tree_walk,True,1.0,49.0,strict,2.0,3.0,function,N,2.0,21.0,19.0,0.594,0.625,0.562,,,21.0,True,False
qwen,p95,json_walk,True,1.0,10.0,,,,,,,,,,,0.531,,,,False,False
qwen,p95,email,True,1.0,18.0,quasi,2.0,4.0,block,N,2.0,17.0,16.0,0.5,0.562,0.531,,,17.0,True,False
qwen,p95,temp,True,1.0,24.0,,,,,,,,,,,0.75,,,,False,False
qwen,p95,reverse_words,True,1.0,9.0,,,,,,,,,,,0.688,,,,False,False
qwen,p95,anagram,True,1.0,3.0,,,,,,,,,,,,,,,False,False
qwen,p95,pascal,True,1.0,7.0,,,,,,,,,,,0.719,,,,False,False
qwen,p95,chunk,True,1.0,4.0,,,,,,,,,,,0.906,,,,False,False
gpt2,t08,merge_sort,False,0.45,2.0,,,,,Y,,,,,,0.438,2.0,36.0,36.0,True,True
gpt2,t08,binary_search,False,0.1,2.0,,,,,,,,,,,0.625,,,,False,False
gpt2,t08,fibonacci,False,0.742,49.0,strict,1.0,42.0,statement,Y,1.0,7.0,6.0,0.188,0.188,0.188,1.0,7.0,7.0,True,True
gpt2,t08,parse_csv,False,1.0,2.0,,,,,Y,,,,,,0.5,3.0,29.0,29.0,True,True
gpt2,t08,word_freq,False,0.576,34.0,strict,2.0,4.0,block,Y,2.0,45.0,29.0,,0.594,0.469,3.0,45.0,45.0,True,True
gpt2,t08,flatten,False,0.966,54.0,strict,2.0,25.0,function,N,2.0,25.0,18.0,0.562,0.406,0.406,,,25.0,True,True
gpt2,t08,stack_class,False,0.13,0.0,,,,,,,,,,,0.406,,,,False,False
gpt2,t08,lru_cache,False,0.143,7.0,,,,,,,,,,,0.438,,,,False,False
gpt2,t08,prime_sieve,False,0.581,25.0,strict,6.0,3.2,function,Y,5.0,151.0,66.0,,0.594,0.594,10.0,151.0,151.0,True,True
gpt2,t08,roman,False,0.762,31.0,strict,3.0,9.7,block,Y,3.0,62.0,36.0,,0.531,0.531,8.0,62.0,62.0,True,True
gpt2,t08,balanced,False,0.109,5.0,,,,,,,,,,,0.406,,,,False,False
gpt2,t08,transpose,False,0.991,4.0,,,,,Y,,,,,,0.281,14.0,72.0,72.0,True,True
gpt2,t08,rle,False,0.673,37.0,strict,4.0,9.0,block,N,4.0,71.0,38.0,,0.438,0.438,,,71.0,True,True
gpt2,t08,dedup,False,0.525,32.0,strict,3.0,5.7,block,Y,3.0,60.0,26.0,,0.5,0.438,6.0,60.0,60.0,True,True
gpt2,t08,gcd,False,0.957,45.0,strict,3.0,15.0,function,N,3.0,41.0,34.0,,0.781,0.781,,,41.0,True,True
gpt2,t08,quicksort,False,0.354,17.0,strict,1.0,16.0,statement,Y,1.0,38.0,30.0,,0.75,0.75,3.0,38.0,38.0,True,True
gpt2,t08,tree_walk,False,0.359,23.0,quasi,1.0,9.0,statement,N,1.0,29.0,22.0,0.688,0.531,0.438,,,29.0,True,True
gpt2,t08,json_walk,False,0.333,17.0,strict,2.0,7.5,block,N,2.0,79.0,51.0,,0.562,0.562,,,79.0,True,True
gpt2,t08,email,False,0.667,43.0,strict,2.0,5.0,block,N,2.0,28.0,20.0,0.625,0.5,0.5,,,28.0,True,True
gpt2,t08,temp,False,0.071,3.0,,,,,Y,,,,,,0.406,9.0,128.0,128.0,True,True
gpt2,t08,reverse_words,False,0.549,27.0,quasi,2.0,5.0,block,N,2.0,40.0,25.0,,0.531,0.25,,,40.0,True,True
gpt2,t08,anagram,False,1.0,19.0,strict,1.0,16.0,statement,Y,1.0,44.0,30.0,,0.656,0.656,3.0,44.0,44.0,True,True
gpt2,t08,pascal,False,0.824,13.0,,,,,,,,,,,0.25,,,,False,False
gpt2,t08,chunk,False,0.444,17.0,strict,1.0,9.0,statement,Y,1.0,36.0,23.0,,0.531,0.5,2.0,26.0,36.0,True,True
gpt2,p95,merge_sort,False,0.462,24.0,strict,3.0,7.7,function,N,3.0,85.0,55.0,,0.688,0.688,,,85.0,True,True
gpt2,p95,binary_search,False,0.512,5.0,,,,,,,,,,,0.469,,,,False,False
gpt2,p95,fibonacci,False,0.754,3.0,,,,,,,,,,,0.281,,,,False,False
gpt2,p95,parse_csv,False,0.512,11.0,,,,,,,,,,,0.375,,,,False,False
gpt2,p95,word_freq,False,0.515,35.0,strict,3.0,2.3,block,Y,2.0,49.0,28.0,,0.531,0.438,6.0,49.0,49.0,True,True
gpt2,p95,flatten,False,0.133,2.0,,,,,,,,,,,0.562,,,,False,False
gpt2,p95,stack_class,False,0.059,1.0,,,,,,,,,,,0.531,,,,False,False
gpt2,p95,lru_cache,False,0.545,30.0,strict,1.0,10.0,statement,N,1.0,8.0,8.0,0.25,0.312,0.312,,,8.0,True,True
gpt2,p95,prime_sieve,False,0.64,7.0,,,,,,,,,,,0.156,,,,False,False
gpt2,p95,roman,False,0.662,16.0,quasi,1.0,8.0,statement,N,1.0,50.0,29.0,,0.531,0.531,,,50.0,True,True
gpt2,p95,balanced,False,0.059,3.0,,,,,,,,,,,0.562,,,,False,False
gpt2,p95,transpose,False,0.577,22.0,,,,,,,,,,,0.219,,,,False,False
gpt2,p95,rle,False,0.359,23.0,quasi,1.0,11.0,statement,N,1.0,9.0,8.0,0.25,0.406,0.406,,,9.0,True,True
gpt2,p95,dedup,False,0.439,18.0,strict,1.0,16.0,statement,N,1.0,27.0,17.0,0.531,0.344,0.344,,,27.0,True,True
gpt2,p95,gcd,False,0.659,56.0,strict,4.0,11.0,block,Y,2.0,42.0,22.0,,0.438,0.438,6.0,42.0,42.0,True,True
gpt2,p95,quicksort,False,0.125,6.0,,,,,,,,,,,0.562,,,,False,False
gpt2,p95,tree_walk,False,0.35,8.0,,,,,,,,,,,0.5,,,,False,False
gpt2,p95,json_walk,False,0.362,9.0,,,,,,,,,,,0.469,,,,False,False
gpt2,p95,email,False,0.377,13.0,,,,,,,,,,,0.281,,,,False,False
gpt2,p95,temp,False,0.661,16.0,strict,1.0,6.0,statement,N,1.0,31.0,18.0,0.562,0.406,0.406,,,31.0,True,True
gpt2,p95,reverse_words,False,0.302,8.0,strict,1.0,6.0,statement,N,1.0,21.0,13.0,0.406,0.406,0.375,,,21.0,True,True
gpt2,p95,anagram,False,0.961,25.0,quasi,2.0,8.0,block,N,2.0,25.0,13.0,0.406,0.312,0.312,,,25.0,True,True
gpt2,p95,pascal,False,0.2,1.0,,,,,,,,,,,0.062,,,,False,False
gpt2,p95,chunk,False,1.0,2.0,,,,,,,,,,,0.375,,,,False,False
