model,cond,pid,eos,n_new,coverage,n_stmts,tok_cross,ast4,ast8,ast16,kind,p_stmt,cycles,unit,d_stmt,L,D,tail_tokmin,line_p,line_L,line_D,literal,L_eff,D_eff,anyaxis,degen
gpt2,greedy,merge_sort,False,600,0.682,45,,,94,185,strict,2,21.5,block,2,28,14,0.438,3,28,14,Y,28,14,True,True
gpt2,greedy,binary_search,False,600,0.516,32,,67,107,267,strict,1,30.0,statement,1,20,16,0.5,2,20,16,Y,20,16,True,True
gpt2,greedy,fibonacci,False,600,0.946,0,,,,,,,,,,,,,2,23,17,Y,23,17,True,True
gpt2,greedy,parse_csv,False,600,0.511,24,,79,160,376,strict,1,23.0,statement,1,27,22,0.688,2,27,22,Y,27,22,True,True
gpt2,greedy,word_freq,False,600,0.966,54,,,67,159,strict,2,27.0,function,2,23,19,0.594,1,23,19,Y,23,19,True,True
gpt2,greedy,flatten,False,600,0.982,56,,,64,152,strict,2,28.0,function,2,22,18,0.562,2,22,18,Y,22,18,True,True
gpt2,greedy,stack_class,False,600,0.984,62,47,57,77,137,strict,1,58.0,statement,1,10,8,0.25,1,10,8,Y,10,8,True,True
gpt2,greedy,lru_cache,False,600,0.979,46,,59,87,185,strict,1,42.0,statement,1,14,10,0.312,1,14,10,Y,14,10,True,True
gpt2,greedy,prime_sieve,False,600,0.98,48,,,76,193,strict,3,16.0,function,3,39,29,0.688,3,39,29,Y,39,29,True,True
gpt2,greedy,roman,False,600,0.509,28,,67,136,320,strict,1,27.0,statement,1,23,20,0.625,2,23,20,Y,23,20,True,True
gpt2,greedy,balanced,False,600,0.509,29,,64,130,306,strict,1,28.0,statement,1,22,19,0.594,2,22,19,Y,22,19,True,True
gpt2,greedy,transpose,False,600,0.982,56,,,64,152,strict,2,28.0,function,2,22,17,0.531,2,22,17,Y,22,17,True,True
gpt2,greedy,rle,False,600,0.51,25,,76,154,362,strict,1,24.0,statement,1,26,20,0.625,2,26,20,Y,26,20,True,True
gpt2,greedy,dedup,False,600,0.509,29,,64,130,306,strict,1,28.0,statement,1,22,18,0.562,2,22,18,Y,22,18,True,True
gpt2,greedy,gcd,False,600,0.98,48,,,76,180,strict,2,24.0,function,2,26,22,0.688,2,26,22,Y,26,22,True,True
gpt2,greedy,quicksort,False,600,0.017,1,,,,,,,,,,,,,2,21,17,Y,21,17,True,True
gpt2,greedy,tree_walk,False,600,0.755,36,,,110,243,strict,3,10.7,block,3,53,28,0.562,4,53,28,Y,53,28,True,True
gpt2,greedy,json_walk,False,600,0.51,25,,76,154,362,strict,1,24.0,statement,1,26,22,0.688,2,26,22,Y,26,22,True,True
gpt2,greedy,email,False,600,0.51,51,59,72,72,168,strict,1,47.0,statement,1,12,9,0.281,2,12,9,Y,12,9,True,True
gpt2,greedy,temp,False,600,0.98,48,,,76,180,strict,2,24.0,function,2,26,21,0.656,2,26,21,Y,26,21,True,True
gpt2,greedy,reverse_words,False,600,0.419,26,,98,148,348,strict,1,24.0,statement,1,16,11,0.375,5,50,21,Y,16,11,True,True
gpt2,greedy,anagram,False,600,0.519,27,,70,142,334,strict,1,26.0,statement,1,24,19,0.594,2,24,19,Y,24,19,True,True
gpt2,greedy,pascal,False,600,0.52,26,,73,148,348,strict,1,25.0,statement,1,25,22,0.688,2,25,22,Y,25,22,True,True
gpt2,greedy,chunk,False,600,0.977,85,50,47,54,110,strict,1,82.0,statement,1,7,6,0.188,1,7,6,Y,7,6,True,True
gpt2m,greedy,merge_sort,False,600,0.214,3,176,,,,,,,,,,,,,,,,,,False,False
gpt2m,greedy,binary_search,False,600,0.5,29,,,132,267,strict,3,9.3,block,3,68,35,0.5,6,68,35,Y,68,35,True,True
gpt2m,greedy,fibonacci,False,600,0.512,42,,58,88,208,strict,1,40.0,statement,1,15,11,0.344,2,15,11,Y,15,11,True,True
gpt2m,greedy,parse_csv,False,600,0.239,11,379,,222,,strict,2,5.0,block,2,78,40,0.406,,,,N,78,40,True,True
gpt2m,greedy,word_freq,False,600,0.033,2,,,,,,,,,,,,,3,31,20,Y,31,20,True,True
gpt2m,greedy,flatten,False,600,0.516,32,,58,118,278,strict,1,31.0,statement,1,20,17,0.531,2,20,17,Y,20,17,True,True
gpt2m,greedy,stack_class,False,600,0.979,46,,62,90,188,strict,1,42.0,statement,1,14,11,0.406,,,,N,14,11,True,True
gpt2m,greedy,lru_cache,False,600,0.952,40,,74,90,202,strict,1,36.0,statement,1,16,10,0.344,2,32,11,Y,16,10,True,True
gpt2m,greedy,prime_sieve,False,600,0.513,20,,97,196,460,strict,1,19.0,statement,1,33,27,0.812,4,66,28,Y,33,27,True,True
gpt2m,greedy,roman,False,600,0.672,41,,,91,215,strict,2,20.0,block,2,31,23,0.719,3,31,23,Y,31,23,True,True
gpt2m,greedy,balanced,False,600,0.614,43,,,109,201,strict,3,14.0,block,3,44,24,0.531,5,44,24,Y,44,24,True,True
gpt2m,greedy,transpose,False,600,0.675,52,,,70,166,strict,2,25.0,block,2,24,18,0.562,3,24,18,Y,24,18,True,True
gpt2m,greedy,rle,False,600,0.677,42,,,88,208,strict,2,20.0,block,2,30,22,0.688,3,30,22,Y,30,22,True,True
gpt2m,greedy,dedup,False,600,0.5,31,,85,125,285,strict,1,29.0,statement,1,20,10,0.312,2,20,10,Y,20,10,True,True
gpt2m,greedy,gcd,False,600,0.04,2,,,,,,,,,,,,,3,38,28,Y,38,28,True,True
gpt2m,greedy,quicksort,False,600,0.769,30,,,222,256,strict,3,7.7,block,3,69,30,0.375,8,146,30,Y,69,30,True,True
gpt2m,greedy,tree_walk,False,600,0.667,38,,,97,229,strict,2,18.0,block,2,33,24,0.719,3,33,24,Y,33,24,True,True
gpt2m,greedy,json_walk,False,600,0.026,2,,,,,,,,,,,,,8,65,38,Y,65,38,True,True
gpt2m,greedy,email,False,600,0.508,33,,74,112,264,strict,1,31.0,statement,1,19,14,0.438,2,19,14,Y,19,14,True,True
gpt2m,greedy,temp,False,600,0.746,44,,,97,185,strict,3,14.3,block,3,42,24,0.5,4,42,24,Y,42,24,True,True
gpt2m,greedy,reverse_words,False,600,0.667,38,,,97,229,strict,2,18.5,block,2,33,22,0.656,3,33,22,Y,33,22,True,True
gpt2m,greedy,anagram,False,600,0.505,48,,48,74,178,strict,1,46.0,statement,1,13,10,0.312,2,13,10,Y,13,10,True,True
gpt2m,greedy,pascal,False,600,0.667,14,365,,146,,strict,2,6.5,block,2,64,32,0.156,,,,N,64,32,True,True
gpt2m,greedy,chunk,False,600,0.509,29,,113,157,311,strict,1,26.0,statement,1,22,14,0.438,,,,N,22,14,True,True
gpt2l,greedy,merge_sort,False,600,0.439,29,,,124,248,strict,3,9.3,block,3,71,36,0.375,,,,N,71,36,True,True
gpt2l,greedy,binary_search,False,600,0.5,51,50,72,84,168,strict,1,47.0,statement,1,12,9,0.281,2,12,9,Y,12,9,True,True
gpt2l,greedy,fibonacci,False,600,0.512,21,,86,142,416,strict,1,19.0,statement,1,35,14,0.344,2,35,14,Y,35,14,True,True
gpt2l,greedy,parse_csv,False,600,0.022,2,,,,,,,,,,,,,4,27,15,Y,27,15,True,True
gpt2l,greedy,word_freq,False,600,0.545,6,161,,,,,,,,,,,,,,,,,,False,False
gpt2l,greedy,flatten,False,600,0.667,48,,,98,180,strict,2,23.0,block,2,26,18,0.562,3,26,18,Y,26,18,True,True
gpt2l,greedy,stack_class,False,600,0.963,52,31,53,77,161,strict,1,49.0,statement,1,12,7,0.219,1,12,7,Y,12,7,True,True
gpt2l,greedy,lru_cache,False,600,0.969,31,,107,151,283,strict,1,26.0,statement,1,22,11,0.344,1,22,11,Y,22,11,True,True
gpt2l,greedy,prime_sieve,False,600,0.538,7,234,112,,,strict,1,6.0,statement,1,42,30,0.625,,,,N,42,30,True,True
gpt2l,greedy,roman,False,600,0.522,12,240,257,208,,strict,1,6.0,statement,1,49,19,0.125,,,,N,49,19,True,True
gpt2l,greedy,balanced,False,600,0.609,14,229,,80,,strict,3,4.3,block,2,52,21,0.344,,,,N,52,21,True,True
gpt2l,greedy,transpose,False,600,0.507,38,,64,97,229,strict,1,36.0,statement,1,17,13,0.438,4,33,15,Y,17,13,True,True
gpt2l,greedy,rle,False,600,0.51,25,,76,154,362,strict,1,24.0,statement,1,26,20,0.625,2,26,20,Y,26,20,True,True
gpt2l,greedy,dedup,False,600,0.5,32,,212,155,288,strict,1,24.0,statement,1,19,14,0.438,2,19,14,Y,19,14,True,True
gpt2l,greedy,gcd,False,600,0.506,39,,62,94,222,strict,1,37.0,statement,1,16,12,0.375,2,16,12,Y,16,12,True,True
gpt2l,greedy,quicksort,False,600,0.462,24,,,248,381,strict,3,3.7,block,2,85,28,0.438,7,85,28,Y,85,28,True,True
gpt2l,greedy,tree_walk,False,600,0.517,15,239,79,167,,strict,1,14.0,statement,1,44,21,0.125,2,60,21,Y,44,21,True,True
gpt2l,greedy,json_walk,False,600,0.426,23,,,352,410,quasi,2,7.0,block,2,58,26,0.5,,,,N,58,26,True,True
gpt2l,greedy,email,False,600,0.511,23,,109,165,389,strict,1,21.0,statement,1,28,22,0.688,2,28,22,Y,28,22,True,True
gpt2l,greedy,temp,False,600,0.021,1,,,,,,,,,,,,,6,38,14,Y,38,14,True,True
gpt2l,greedy,reverse_words,False,600,0.021,1,,,,,,,,,,,,,,,,,,,False,False
gpt2l,greedy,anagram,False,600,0.547,29,,68,138,295,strict,5,4.4,block,2,108,38,0.344,9,113,38,Y,108,38,True,True
gpt2l,greedy,pascal,False,600,0.01,2,40,,,,,,,,,,,,1,3,2,Y,3,2,True,True
gpt2l,greedy,chunk,False,600,0.51,25,,,219,357,strict,3,6.7,block,2,81,22,0.406,6,81,22,Y,81,22,True,True
qwen,greedy,merge_sort,False,600,1.0,78,,,130,152,quasi,3,12.0,block,2,21,16,0.531,,,,N,21,16,True,True
qwen,greedy,binary_search,False,600,0.985,62,,,,,strict,12,2.0,function,12,129,54,0.594,,,,N,129,54,True,True
qwen,greedy,fibonacci,False,600,0.988,72,,,,,,,,,,,,,23,181,58,Y,181,58,True,True
qwen,greedy,parse_csv,True,117,1.0,16,,,,,,,,,,,,,,,,,,,False,False
qwen,greedy,word_freq,True,50,1.0,9,,,,,,,,,,,,,,,,,,,False,False
qwen,greedy,flatten,True,36,1.0,8,,,,,,,,,,,,,,,,,,,False,False
qwen,greedy,stack_class,True,554,1.0,40,,552,,,,,,,,,,,,,,,,,False,False
qwen,greedy,lru_cache,False,600,0.987,76,,,113,138,strict,3,20.7,block,2,25,12,0.375,3,25,12,Y,25,12,True,True
qwen,greedy,prime_sieve,False,600,1.0,78,,,130,162,strict,3,23.0,function,3,23,19,0.594,3,23,19,Y,23,19,True,True
qwen,greedy,roman,True,349,1.0,25,,,,,,,,,,,,,,,,,,,False,False
qwen,greedy,balanced,True,45,1.0,11,,,,,,,,,,,,,,,,,,,False,False
qwen,greedy,transpose,True,26,1.0,3,,,,,,,,,,,,,,,,,,,False,False
qwen,greedy,rle,False,600,0.978,84,,,,,,,,,,,,,32,205,61,Y,205,61,True,True
qwen,greedy,dedup,True,36,1.0,9,,,,,,,,,,,,,,,,,,,False,False
qwen,greedy,gcd,True,113,1.0,14,,,,,,,,,,,,,,,,,,,False,False
qwen,greedy,quicksort,False,600,0.975,39,578,,248,313,strict,3,8.0,function,3,57,35,0.281,,,,N,57,35,True,True
qwen,greedy,tree_walk,False,600,0.99,95,,,,94,strict,12,6.0,function,10,77,42,0.469,,,,N,77,42,True,True
qwen,greedy,json_walk,True,54,1.0,10,,,,,,,,,,,,,,,,,,,False,False
qwen,greedy,email,True,27,1.0,7,,,,,,,,,,,,,,,,,,,False,False
qwen,greedy,temp,True,149,1.0,16,,,,,strict,3,2.0,block,3,42,31,0.688,,,,N,42,31,True,False
qwen,greedy,reverse_words,True,30,1.0,6,,,,,,,,,,,,,,,,,,,False,False
qwen,greedy,anagram,True,88,1.0,9,,,,,,,,,,,,,,,,,,,False,False
qwen,greedy,pascal,True,135,1.0,18,,,,,,,,,,,,,,,,,,,False,False
qwen,greedy,chunk,True,22,1.0,4,,,,,,,,,,,,,,,,,,,False,False
gpt2,t08,merge_sort,False,600,0.45,2,,,,,,,,,,,,,2,36,20,Y,36,20,True,True
gpt2,t08,binary_search,False,600,0.1,2,,,,,,,,,,,,,,,,,,,False,False
gpt2,t08,fibonacci,False,600,0.742,49,338,330,337,372,strict,1,42.0,statement,1,7,6,0.188,1,7,6,Y,7,6,True,True
gpt2,t08,parse_csv,False,600,1.0,2,,,,,,,,,,,,,3,29,16,Y,29,16,True,True
gpt2,t08,word_freq,False,600,0.576,34,,,449,201,strict,2,4.0,block,2,45,29,0.594,3,45,29,Y,45,29,True,True
gpt2,t08,flatten,False,600,0.966,54,,,98,146,strict,2,25.0,function,2,25,18,0.406,,,,N,25,18,True,True
gpt2,t08,stack_class,False,600,0.13,0,,,,,,,,,,,,,,,,,,,False,False
gpt2,t08,lru_cache,False,600,0.143,7,,,,,,,,,,,,,,,,,,,False,False
gpt2,t08,prime_sieve,False,600,0.581,25,,,,352,strict,6,3.2,function,5,151,66,0.594,10,151,66,Y,151,66,True,True
gpt2,t08,roman,False,600,0.762,31,,,123,289,strict,3,9.7,block,3,62,36,0.531,8,62,36,Y,62,36,True,True
gpt2,t08,balanced,False,600,0.109,5,,,,,,,,,,,,,,,,,,,False,False
gpt2,t08,transpose,False,600,0.991,4,82,,,,,,,,,,,,14,72,21,Y,72,21,True,True
gpt2,t08,rle,False,600,0.673,37,,,,228,strict,4,9.0,block,4,71,38,0.438,,,,N,71,38,True,True
gpt2,t08,dedup,False,600,0.525,32,,69,255,280,strict,3,5.7,block,3,60,26,0.5,6,60,26,Y,60,26,True,True
gpt2,t08,gcd,False,600,0.957,45,,,76,190,strict,3,15.0,function,3,41,34,0.781,,,,N,41,34,True,True
gpt2,t08,quicksort,False,600,0.354,17,,113,233,539,strict,1,16.0,statement,1,38,30,0.75,3,38,30,Y,38,30,True,True
gpt2,t08,tree_walk,False,600,0.359,23,,405,486,568,quasi,1,9.0,statement,1,29,22,0.531,,,,N,29,22,True,True
gpt2,t08,json_walk,False,600,0.333,17,,,248,562,strict,2,7.5,block,2,79,51,0.562,,,,N,79,51,True,True
gpt2,t08,email,False,600,0.667,43,,,117,203,strict,2,5.0,block,2,28,20,0.5,,,,N,28,20,True,True
gpt2,t08,temp,False,600,0.071,3,,,,,,,,,,,,,9,128,44,Y,128,44,True,True
gpt2,t08,reverse_words,False,600,0.549,27,140,,135,224,quasi,2,5.0,block,2,40,25,0.531,,,,N,40,25,True,True
gpt2,t08,anagram,False,600,1.0,19,,126,176,446,strict,1,16.0,statement,1,44,30,0.656,3,44,30,Y,44,30,True,True
gpt2,t08,pascal,False,600,0.824,13,137,,,,,,,,,,,,,,,,,,False,False
gpt2,t08,chunk,False,600,0.444,17,,415,415,542,strict,1,9.0,statement,1,36,23,0.531,2,26,19,Y,36,23,True,True
gpt2,p95,merge_sort,False,600,0.462,24,,,168,424,strict,3,7.7,function,3,85,55,0.688,,,,N,85,55,True,True
gpt2,p95,binary_search,False,600,0.512,5,,,,,,,,,,,,,,,,,,,False,False
gpt2,p95,fibonacci,False,600,0.754,3,105,,,,,,,,,,,,,,,,,,False,False
gpt2,p95,parse_csv,False,600,0.512,11,,,,,,,,,,,,,,,,,,,False,False
gpt2,p95,word_freq,False,600,0.515,35,,431,431,355,strict,3,2.3,block,2,49,28,0.531,6,49,28,Y,49,28,True,True
gpt2,p95,flatten,False,600,0.133,2,,,,,,,,,,,,,,,,,,,False,False
gpt2,p95,stack_class,False,600,0.059,1,,,,,,,,,,,,,,,,,,,False,False
gpt2,p95,lru_cache,False,600,0.545,30,,362,424,424,strict,1,10.0,statement,1,8,8,0.312,,,,N,8,8,True,True
gpt2,p95,prime_sieve,False,600,0.64,7,344,,,,,,,,,,,,,,,,,,False,False
gpt2,p95,roman,False,600,0.662,16,,323,323,597,quasi,1,8.0,statement,1,50,29,0.531,,,,N,50,29,True,True
gpt2,p95,balanced,False,600,0.059,3,,,,,,,,,,,,,,,,,,,False,False
gpt2,p95,transpose,False,600,0.577,22,553,,,283,,,,,,,,,,,,,,,False,False
gpt2,p95,rle,False,600,0.359,23,,431,479,504,quasi,1,11.0,statement,1,9,8,0.406,,,,N,9,8,True,True
gpt2,p95,dedup,False,600,0.439,18,,115,253,501,strict,1,16.0,statement,1,27,17,0.344,,,,N,27,17,True,True
gpt2,p95,gcd,False,600,0.659,56,,,192,203,strict,4,11.0,block,2,42,22,0.438,6,42,22,Y,42,22,True,True
gpt2,p95,quicksort,False,600,0.125,6,,,,,,,,,,,,,,,,,,,False,False
gpt2,p95,tree_walk,False,600,0.35,8,,,,,,,,,,,,,,,,,,,False,False
gpt2,p95,json_walk,False,600,0.362,9,,,,,,,,,,,,,,,,,,,False,False
gpt2,p95,email,False,600,0.377,13,392,,,,,,,,,,,,,,,,,,False,False
gpt2,p95,temp,False,600,0.661,16,,531,303,584,strict,1,6.0,statement,1,31,18,0.406,,,,N,31,18,True,True
gpt2,p95,reverse_words,False,600,0.302,8,,501,594,,strict,1,6.0,statement,1,21,13,0.406,,,,N,21,13,True,True
gpt2,p95,anagram,False,600,0.961,25,,193,262,414,quasi,2,8.0,block,2,25,13,0.312,,,,N,25,13,True,True
gpt2,p95,pascal,False,600,0.2,1,217,,,,,,,,,,,,,,,,,,False,False
gpt2,p95,chunk,False,600,1.0,2,,,,,,,,,,,,,,,,,,,False,False
qwen,t08,merge_sort,True,422,1.0,33,,,230,,quasi,3,4.0,block,2,33,29,0.781,,,,N,33,29,True,False
qwen,t08,binary_search,True,321,1.0,38,,,,,,,,,,,,,,,,,,,False,False
qwen,t08,fibonacci,True,37,1.0,6,,,,,,,,,,,,,,,,,,,False,False
qwen,t08,parse_csv,True,212,1.0,25,,,,,,,,,,,,,,,,,,,False,False
qwen,t08,word_freq,True,162,1.0,13,,,,,,,,,,,,,,,,,,,False,False
qwen,t08,flatten,True,76,1.0,7,,,,,,,,,,,,,,,,,,,False,False
qwen,t08,stack_class,True,350,1.0,33,,163,337,,quasi,1,6.0,statement,1,21,18,0.562,,,,N,21,18,True,False
qwen,t08,lru_cache,True,572,1.0,60,,470,564,570,quasi,2,7.0,block,2,18,11,0.375,,,,N,18,11,True,False
qwen,t08,prime_sieve,True,229,1.0,24,,,,,,,,,,,,,,,,,,,False,False
qwen,t08,roman,False,600,1.0,25,,,,,,,,,,,,,,,,,,,False,False
qwen,t08,balanced,True,75,1.0,12,,,,,,,,,,,,,,,,,,,False,False
qwen,t08,transpose,True,157,1.0,20,,,,,,,,,,,,,,,,,,,False,False
qwen,t08,rle,True,130,1.0,16,,,,,,,,,,,,,,,,,,,False,False
qwen,t08,dedup,True,81,1.0,10,,,,,,,,,,,,,,,,,,,False,False
qwen,t08,gcd,True,441,1.0,36,,161,209,341,strict,3,3.0,block,2,37,26,0.656,,,,N,37,26,True,False
qwen,t08,quicksort,False,600,1.0,72,,,544,565,quasi,2,8.0,block,2,13,11,0.406,,,,N,13,11,True,True
qwen,t08,tree_walk,True,209,1.0,30,,,,,,,,,,,,,,,,,,,False,False
qwen,t08,json_walk,True,54,1.0,10,,,,,,,,,,,,,,,,,,,False,False
qwen,t08,email,True,41,1.0,8,,,,,,,,,,,,,,,,,,,False,False
qwen,t08,temp,True,235,1.0,28,,,,213,,,,,,,,,,,,,,,False,False
qwen,t08,reverse_words,True,31,1.0,5,,,,,,,,,,,,,,,,,,,False,False
qwen,t08,anagram,True,23,1.0,5,,,,,,,,,,,,,,,,,,,False,False
qwen,t08,pascal,True,117,1.0,12,,,,,,,,,,,,,,,,,,,False,False
qwen,t08,chunk,False,600,1.0,20,89,533,585,,quasi,1,6.0,statement,1,20,12,0.406,,,,N,20,12,True,True
qwen,p95,merge_sort,True,263,1.0,30,,,194,,quasi,3,4.0,block,2,24,19,0.594,,,,N,24,19,True,False
qwen,p95,binary_search,True,106,1.0,14,,,,,,,,,,,,,,,,,,,False,False
qwen,p95,fibonacci,True,202,1.0,27,,,,,,,,,,,,,,,,,,,False,False
qwen,p95,parse_csv,True,552,1.0,56,,496,,,,,,,,,,,,,,,,,False,False
qwen,p95,word_freq,True,68,1.0,10,,,,,,,,,,,,,,,,,,,False,False
qwen,p95,flatten,True,88,1.0,9,,,,,,,,,,,,,,,,,,,False,False
qwen,p95,stack_class,True,195,1.0,24,,,,,,,,,,,,,,,,,,,False,False
qwen,p95,lru_cache,False,600,1.0,33,,,,,,,,,,,,,,,,,,,False,False
qwen,p95,prime_sieve,True,296,1.0,23,,,,,,,,,,,,,,,,,,,False,False
qwen,p95,roman,True,271,1.0,19,,,,,,,,,,,,,,,,,,,False,False
qwen,p95,balanced,True,75,1.0,12,,,,,,,,,,,,,,,,,,,False,False
qwen,p95,transpose,True,143,1.0,14,,,,,,,,,,,,,,,,,,,False,False
qwen,p95,rle,True,116,1.0,19,,,,,,,,,,,,,,,,,,,False,False
qwen,p95,dedup,True,323,1.0,7,,,,,,,,,,,,,,,,,,,False,False
qwen,p95,gcd,True,224,1.0,24,,,,,,,,,,,,,,,,,,,False,False
qwen,p95,quicksort,False,600,0.947,53,514,,,,,,,,,,,,,,,,,,False,False
qwen,p95,tree_walk,True,344,1.0,49,,,,,strict,2,3.0,function,2,21,19,0.625,,,,N,21,19,True,False
qwen,p95,json_walk,True,54,1.0,10,,,,,,,,,,,,,,,,,,,False,False
qwen,p95,email,True,193,1.0,18,,191,191,,quasi,2,4.0,block,2,17,16,0.562,,,,N,17,16,True,False
qwen,p95,temp,True,192,1.0,24,,,,,,,,,,,,,,,,,,,False,False
qwen,p95,reverse_words,True,74,1.0,9,,,,,,,,,,,,,,,,,,,False,False
qwen,p95,anagram,True,9,1.0,3,,,,,,,,,,,,,,,,,,,False,False
qwen,p95,pascal,True,68,1.0,7,,,,,,,,,,,,,,,,,,,False,False
qwen,p95,chunk,True,37,1.0,4,,,,,,,,,,,,,,,,,,,False,False
